{
  "properties": {
    "connectionReferences": {
      "shared_approvals": {
        "runtimeSource": "invoker",
        "connection": {},
        "api": {
          "name": "shared_approvals"
        }
      },
      "shared_commondataserviceforapps_1": {
        "runtimeSource": "embedded",
        "connection": {},
        "api": {
          "name": "shared_commondataserviceforapps"
        }
      },
      "shared_office365": {
        "runtimeSource": "invoker",
        "connection": {},
        "api": {
          "name": "shared_office365"
        }
      }
    },
    "definition": {
      "$schema": "https://schema.management.azure.com/providers/Microsoft.Logic/schemas/2016-06-01/workflowdefinition.json#",
      "contentVersion": "1.0.0.0",
      "parameters": {
        "$connections": {
          "defaultValue": {},
          "type": "Object"
        },
        "$authentication": {
          "defaultValue": {},
          "type": "SecureObject"
        }
      },
      "triggers": {
        "manual": {
          "metadata": {
            "operationMetadataId": "2f8cd917-0ede-4af5-8e18-633ac149ea5a"
          },
          "type": "Request",
          "kind": "PowerAppV2",
          "inputs": {
            "schema": {
              "type": "object",
              "properties": {
                "text": {
                  "title": "ItemID",
                  "type": "string",
                  "x-ms-dynamically-added": true,
                  "description": "Please enter your input",
                  "x-ms-content-hint": "TEXT"
                },
                "text_1": {
                  "title": "HREmail",
                  "type": "string",
                  "x-ms-dynamically-added": true,
                  "description": "Please enter your input",
                  "x-ms-content-hint": "TEXT"
                },
                "text_2": {
                  "title": "ManagerEmail",
                  "type": "string",
                  "x-ms-dynamically-added": true,
                  "description": "Please enter your input",
                  "x-ms-content-hint": "TEXT"
                },
                "number": {
                  "title": "NumberofDate",
                  "type": "number",
                  "x-ms-dynamically-added": true,
                  "description": "Please enter a number",
                  "x-ms-content-hint": "NUMBER"
                },
                "text_3": {
                  "title": "RequestorEmail",
                  "type": "string",
                  "x-ms-dynamically-added": true,
                  "description": "Please enter your input",
                  "x-ms-content-hint": "TEXT"
                },
                "text_4": {
                  "title": "LeaveType",
                  "type": "string",
                  "x-ms-dynamically-added": true,
                  "description": "Please enter your input",
                  "x-ms-content-hint": "TEXT"
                }
              },
              "required": [
                "text",
                "text_1",
                "text_2",
                "number",
                "text_3",
                "text_4"
              ]
            }
          }
        }
      },
      "actions": {
        "ItemID": {
          "runAfter": {},
          "metadata": {
            "operationMetadataId": "8e26d559-9f0c-4f07-8dfc-32c71e2bee91"
          },
          "type": "Compose",
          "inputs": "@triggerBody()['text']"
        },
        "Wait_for_an_approval": {
          "runAfter": {
            "Update_Manager_Approve": [
              "Succeeded"
            ]
          },
          "metadata": {
            "operationMetadataId": "2efb96d0-fac7-41e5-a3db-a3f0b4728603"
          },
          "type": "OpenApiConnectionWebhook",
          "inputs": {
            "host": {
              "connectionName": "shared_approvals",
              "operationId": "WaitForAnApproval",
              "apiId": "/providers/Microsoft.PowerApps/apis/shared_approvals"
            },
            "parameters": {
              "approvalName": "@outputs('Manager_Approval')?['body/name']"
            },
            "authentication": "@parameters('$authentication')"
          }
        },
        "Condition_Manager_Approval_Outcome": {
          "actions": {
            "Apply_to_each_approved_by_manager": {
              "foreach": "@outputs('Wait_for_an_approval')?['body/responses']",
              "actions": {
                "HR_Approval": {
                  "runAfter": {},
                  "metadata": {
                    "operationMetadataId": "c1d00930-3b8a-45b6-b921-af27262b6999"
                  },
                  "type": "OpenApiConnection",
                  "inputs": {
                    "host": {
                      "connectionName": "shared_approvals",
                      "operationId": "CreateAnApproval",
                      "apiId": "/providers/Microsoft.PowerApps/apis/shared_approvals"
                    },
                    "parameters": {
                      "approvalType": "Basic",
                      "ApprovalCreationInput/title": "[HR] Phê duyệt yêu cầu xin nghỉ phếp - @{outputs('Get_a_row_by_ID')?['body/new_name']}",
                      "ApprovalCreationInput/assignedTo": "@{triggerBody()['text_1']};",
                      "ApprovalCreationInput/details": "Yêu cầu xin nghỉ phép chờ phê duyệt thông tin như sau:\n- Xin nghỉ phép nội dung: @{outputs('Get_a_row_by_ID')?['body/new_detail']}\n- Từ ngày: @{formatDateTime(convertTimeZone(outputs('Get_a_row_by_ID')?['body/new_from'],'UTC','SE Asia Standard Time'), 'dddd, MMMM d, yyyy', 'vi-VN')} tới ngày @{formatDateTime(convertTimeZone(outputs('Get_a_row_by_ID')?['body/new_to'],'UTC','SE Asia Standard Time'), 'dddd, MMMM d, yyyy', 'vi-VN')}\n- Loại ngày nghỉ: @{triggerBody()['text_4']}\n",
                      "ApprovalCreationInput/enableNotifications": true,
                      "ApprovalCreationInput/enableReassignment": true
                    },
                    "authentication": "@parameters('$authentication')"
                  }
                },
                "Wait_for_HR_Approval": {
                  "runAfter": {
                    "Update_Manager_Approved_Status": [
                      "Succeeded"
                    ]
                  },
                  "metadata": {
                    "operationMetadataId": "3c08aa60-0fb1-4689-8655-cf86d738a188"
                  },
                  "type": "OpenApiConnectionWebhook",
                  "inputs": {
                    "host": {
                      "connectionName": "shared_approvals",
                      "operationId": "WaitForAnApproval",
                      "apiId": "/providers/Microsoft.PowerApps/apis/shared_approvals"
                    },
                    "parameters": {
                      "approvalName": "@outputs('HR_Approval')?['body/name']"
                    },
                    "authentication": "@parameters('$authentication')"
                  }
                },
                "Condition_HR_Approval": {
                  "actions": {
                    "Apply_to_each_approved_by_hr": {
                      "foreach": "@outputs('Wait_for_HR_Approval')?['body/responses']",
                      "actions": {
                        "Approve_by_HR_Update": {
                          "runAfter": {},
                          "metadata": {
                            "operationMetadataId": "4e4e9dd3-e949-448a-9a60-4993ace372d0"
                          },
                          "type": "OpenApiConnection",
                          "inputs": {
                            "host": {
                              "connectionName": "shared_commondataserviceforapps_1",
                              "operationId": "UpdateRecord",
                              "apiId": "/providers/Microsoft.PowerApps/apis/shared_commondataserviceforapps"
                            },
                            "parameters": {
                              "entityName": "new_leaverequests",
                              "recordId": "@outputs('ItemID')",
                              "item/new_approvalcomments": "✔️  Được phê duyệt bởi nhân sự(@{items('Apply_to_each_approved_by_hr')?['responder/displayName']}) :@{items('Apply_to_each_approved_by_hr')?['comments']}  - Manager comment: \"@{items('Apply_to_each_approved_by_manager')?['comments']}\"",
                              "item/new_status": 100000001
                            },
                            "authentication": "@parameters('$authentication')"
                          }
                        },
                        "ApproveEmail": {
                          "runAfter": {
                            "Approve_by_HR_Update": [
                              "Succeeded"
                            ]
                          },
                          "metadata": {
                            "operationMetadataId": "5ab8c3fa-ec28-4b9f-8998-a7e7d6d158cd"
                          },
                          "type": "OpenApiConnection",
                          "inputs": {
                            "host": {
                              "connectionName": "shared_office365",
                              "operationId": "SendEmailV2",
                              "apiId": "/providers/Microsoft.PowerApps/apis/shared_office365"
                            },
                            "parameters": {
                              "emailMessage/To": "@triggerBody()['text_3']",
                              "emailMessage/Subject": "Yêu cầu nghỉ phép của bạn được phê duyệt",
                              "emailMessage/Body": "<p>Yêu cầu xin nghỉ phép chờ phê duyệt thông tin như sau:<br>\n- Xin nghỉ phép nội dung: @{outputs('Get_a_row_by_ID')?['body/new_detail']}<br>\n- Từ ngày: @{formatDateTime(convertTimeZone(outputs('Get_a_row_by_ID')?['body/new_from'],'UTC','SE Asia Standard Time'), 'dddd, MMMM d, yyyy', 'vi-VN')} tới ngày @{formatDateTime(convertTimeZone(outputs('Get_a_row_by_ID')?['body/new_to'],'UTC','SE Asia Standard Time'), 'dddd, MMMM d, yyyy', 'vi-VN')}<br>\n- Loại ngày nghỉ: @{triggerBody()['text_4']}<br>\n✔️ &nbsp;Được phê duyệt bởi nhân sự(@{items('Apply_to_each_approved_by_hr')?['responder/displayName']}) :@{items('Apply_to_each_approved_by_hr')?['comments']} &nbsp;- Manager comment: \"@{items('Apply_to_each_approved_by_manager')?['comments']}\"</p>",
                              "emailMessage/Importance": "Normal"
                            },
                            "authentication": "@parameters('$authentication')"
                          }
                        }
                      },
                      "runAfter": {},
                      "metadata": {
                        "operationMetadataId": "bf3c306e-3189-4785-beb6-4203143505bc"
                      },
                      "type": "Foreach"
                    },
                    "Run_a_Child_Flow": {
                      "runAfter": {
                        "Apply_to_each_approved_by_hr": [
                          "Succeeded"
                        ]
                      },
                      "metadata": {
                        "operationMetadataId": "a93b80cd-c739-4a08-9851-cb5682d757b1"
                      },
                      "type": "Workflow",
                      "inputs": {
                        "host": {
                          "workflowReferenceName": "9d20cf55-7dd8-ed11-a7c6-0022482724a8"
                        },
                        "body": {
                          "text": "@triggerBody()['text_4']",
                          "text_1": "@triggerBody()['text_3']",
                          "number": "@triggerBody()['number']"
                        }
                      }
                    }
                  },
                  "runAfter": {
                    "Wait_for_HR_Approval": [
                      "Succeeded"
                    ]
                  },
                  "else": {
                    "actions": {
                      "Apply_to_each_rejected_by_hr": {
                        "foreach": "@outputs('Wait_for_HR_Approval')?['body/responses']",
                        "actions": {
                          "Reject_by_HR_Update": {
                            "runAfter": {},
                            "metadata": {
                              "operationMetadataId": "0ed5a97a-edcb-4ae8-87fd-e41855a45fe8"
                            },
                            "type": "OpenApiConnection",
                            "inputs": {
                              "host": {
                                "connectionName": "shared_commondataserviceforapps_1",
                                "operationId": "UpdateRecord",
                                "apiId": "/providers/Microsoft.PowerApps/apis/shared_commondataserviceforapps"
                              },
                              "parameters": {
                                "entityName": "new_leaverequests",
                                "recordId": "@outputs('ItemID')",
                                "item/new_approvalcomments": "❌ Không phê duyệt bởi nhân sự(@{items('Apply_to_each_rejected_by_hr')?['responder/displayName']}) : @{items('Apply_to_each_rejected_by_hr')?['comments']} - Manager comment: \"@{items('Apply_to_each_approved_by_manager')?['comments']}\"",
                                "item/new_status": 100000000
                              },
                              "authentication": "@parameters('$authentication')"
                            }
                          },
                          "RejectEmailbyHR": {
                            "runAfter": {
                              "Reject_by_HR_Update": [
                                "Succeeded"
                              ]
                            },
                            "metadata": {
                              "operationMetadataId": "dae0317d-bf44-432d-a3a5-3ba8c5abeb9e"
                            },
                            "type": "OpenApiConnection",
                            "inputs": {
                              "host": {
                                "connectionName": "shared_office365",
                                "operationId": "SendEmailV2",
                                "apiId": "/providers/Microsoft.PowerApps/apis/shared_office365"
                              },
                              "parameters": {
                                "emailMessage/To": "@triggerBody()['text_3']",
                                "emailMessage/Subject": "Yêu cầu nghỉ phép của bạn không được phê duyệt",
                                "emailMessage/Body": "<p>Yêu cầu xin nghỉ phép chờ phê duyệt thông tin như sau:<br>\n- Xin nghỉ phép nội dung: @{outputs('Get_a_row_by_ID')?['body/new_detail']}<br>\n- Từ ngày: @{formatDateTime(convertTimeZone(outputs('Get_a_row_by_ID')?['body/new_from'],'UTC','SE Asia Standard Time'), 'dddd, MMMM d, yyyy', 'vi-VN')} tới ngày @{formatDateTime(convertTimeZone(outputs('Get_a_row_by_ID')?['body/new_to'],'UTC','SE Asia Standard Time'), 'dddd, MMMM d, yyyy', 'vi-VN')}<br>\n- Loại ngày nghỉ: @{triggerBody()['text_4']}<br>\n❌ Không phê duyệt bởi nhân sự (@{items('Apply_to_each_rejected_by_hr')?['responder/displayName']}) : @{items('Apply_to_each_rejected_by_hr')?['comments']} - Manager comment: \"@{items('Apply_to_each_approved_by_manager')?['comments']}\"</p>",
                                "emailMessage/Importance": "Normal"
                              },
                              "authentication": "@parameters('$authentication')"
                            }
                          }
                        },
                        "runAfter": {},
                        "metadata": {
                          "operationMetadataId": "3f0bc5e6-f68f-43d3-b6bd-f49eb033143a"
                        },
                        "type": "Foreach"
                      }
                    }
                  },
                  "expression": {
                    "equals": [
                      "@outputs('Wait_for_HR_Approval')?['body/outcome']",
                      "Approve"
                    ]
                  },
                  "metadata": {
                    "operationMetadataId": "d8b3c8a1-33d4-49bd-a41c-7d8b52a65d01"
                  },
                  "type": "If"
                },
                "Update_Manager_Approved_Status": {
                  "runAfter": {
                    "HR_Approval": [
                      "Succeeded"
                    ]
                  },
                  "metadata": {
                    "operationMetadataId": "67bad1f7-4e9c-4aac-b7d5-050e98af9cfd"
                  },
                  "type": "OpenApiConnection",
                  "inputs": {
                    "host": {
                      "connectionName": "shared_commondataserviceforapps_1",
                      "operationId": "UpdateRecord",
                      "apiId": "/providers/Microsoft.PowerApps/apis/shared_commondataserviceforapps"
                    },
                    "parameters": {
                      "entityName": "new_leaverequests",
                      "recordId": "@outputs('ItemID')",
                      "item/new_approvalcomments": "Manager đã phê duyệt (@{items('Apply_to_each_approved_by_manager')?['responder/displayName']}): @{items('Apply_to_each_approved_by_manager')?['comments']}",
                      "item/new_approvallink": "@outputs('HR_Approval')?['body/respondLink']",
                      "item/new_HigherManager@odata.bind": "systemusers(@{first(body('GetHRUserID')?['value'])?['systemuserid']})",
                      "item/new_status": 100000003
                    },
                    "authentication": "@parameters('$authentication')"
                  }
                }
              },
              "runAfter": {},
              "metadata": {
                "operationMetadataId": "970a74f0-7a85-45b0-8422-2073e7feec60"
              },
              "type": "Foreach"
            }
          },
          "runAfter": {
            "Wait_for_an_approval": [
              "Succeeded"
            ]
          },
          "else": {
            "actions": {
              "Apply_to_each_rejected_manager": {
                "foreach": "@outputs('Wait_for_an_approval')?['body/responses']",
                "actions": {
                  "Reject_by_Manager_Update": {
                    "runAfter": {},
                    "metadata": {
                      "operationMetadataId": "69d77445-4ad6-4421-b7c5-d6f1004c506b"
                    },
                    "type": "OpenApiConnection",
                    "inputs": {
                      "host": {
                        "connectionName": "shared_commondataserviceforapps_1",
                        "operationId": "UpdateRecord",
                        "apiId": "/providers/Microsoft.PowerApps/apis/shared_commondataserviceforapps"
                      },
                      "parameters": {
                        "entityName": "new_leaverequests",
                        "recordId": "@outputs('ItemID')",
                        "item/new_approvalcomments": "❌ Không phê duyệt bởi cấp trên (@{items('Apply_to_each_rejected_manager')?['responder/displayName']}) : @{items('Apply_to_each_rejected_manager')?['comments']}",
                        "item/new_status": 100000000
                      },
                      "authentication": "@parameters('$authentication')"
                    }
                  },
                  "RejectEmailbyManager": {
                    "runAfter": {
                      "Reject_by_Manager_Update": [
                        "Succeeded"
                      ]
                    },
                    "metadata": {
                      "operationMetadataId": "98b48b75-77bb-4034-b1a9-d390de9d67f8"
                    },
                    "type": "OpenApiConnection",
                    "inputs": {
                      "host": {
                        "connectionName": "shared_office365",
                        "operationId": "SendEmailV2",
                        "apiId": "/providers/Microsoft.PowerApps/apis/shared_office365"
                      },
                      "parameters": {
                        "emailMessage/To": "@triggerBody()['text_3']",
                        "emailMessage/Subject": "Yêu cầu nghỉ phép của bạn không được phê duyệt",
                        "emailMessage/Body": "<p>Yêu cầu xin nghỉ phép chờ phê duyệt thông tin như sau:<br>\n- Xin nghỉ phép nội dung: @{outputs('Get_a_row_by_ID')?['body/new_detail']}<br>\n- Từ ngày: @{formatDateTime(convertTimeZone(outputs('Get_a_row_by_ID')?['body/new_from'],'UTC','SE Asia Standard Time'), 'dddd, MMMM d, yyyy', 'vi-VN')} tới ngày @{formatDateTime(convertTimeZone(outputs('Get_a_row_by_ID')?['body/new_to'],'UTC','SE Asia Standard Time'), 'dddd, MMMM d, yyyy', 'vi-VN')}<br>\n- Loại ngày nghỉ: @{triggerBody()['text_4']}<br>\n❌ Không phê duyệt bởi cấp trên (@{items('Apply_to_each_rejected_manager')?['responder/displayName']}) : @{items('Apply_to_each_rejected_manager')?['comments']}</p>",
                        "emailMessage/Importance": "Normal"
                      },
                      "authentication": "@parameters('$authentication')"
                    }
                  }
                },
                "runAfter": {},
                "metadata": {
                  "operationMetadataId": "442b340c-d5e9-4dae-9b9d-d6b04e4db7fc"
                },
                "type": "Foreach"
              }
            }
          },
          "expression": {
            "equals": [
              "@outputs('Wait_for_an_approval')?['body/outcome']",
              "Approve"
            ]
          },
          "metadata": {
            "operationMetadataId": "d7f969d7-c7a1-49ac-b716-25fd74d83af7"
          },
          "type": "If"
        },
        "HREmail": {
          "runAfter": {
            "ItemID": [
              "Succeeded"
            ]
          },
          "metadata": {
            "operationMetadataId": "266b24b7-24ce-4142-9290-5d358b3650bd"
          },
          "type": "Compose",
          "inputs": "@triggerBody()['text_1']"
        },
        "Get_a_row_by_ID": {
          "runAfter": {
            "ManagerEmail": [
              "Succeeded"
            ]
          },
          "metadata": {
            "operationMetadataId": "aa3b2094-c186-41a8-9f96-41a4ae2b5550"
          },
          "type": "OpenApiConnection",
          "inputs": {
            "host": {
              "connectionName": "shared_commondataserviceforapps_1",
              "operationId": "GetItem",
              "apiId": "/providers/Microsoft.PowerApps/apis/shared_commondataserviceforapps"
            },
            "parameters": {
              "entityName": "new_leaverequests",
              "recordId": "@outputs('ItemID')"
            },
            "authentication": "@parameters('$authentication')"
          }
        },
        "Update_Manager_Approve": {
          "runAfter": {
            "GetHRUserID": [
              "Succeeded"
            ]
          },
          "metadata": {
            "operationMetadataId": "0085e91f-06ac-4853-954f-914c7dcfef71"
          },
          "type": "OpenApiConnection",
          "inputs": {
            "host": {
              "connectionName": "shared_commondataserviceforapps_1",
              "operationId": "UpdateRecord",
              "apiId": "/providers/Microsoft.PowerApps/apis/shared_commondataserviceforapps"
            },
            "parameters": {
              "entityName": "new_leaverequests",
              "recordId": "@outputs('ItemID')",
              "item/new_approvallink": "@outputs('Manager_Approval')?['body/respondLink']",
              "item/new_Manager@odata.bind": "systemusers(@{first(body('GetManagerUserID')?['value'])?['systemuserid']})",
              "item/new_numberofdate": "@triggerBody()['number']",
              "item/new_status": 100000002
            },
            "authentication": "@parameters('$authentication')"
          }
        },
        "Manager_Approval": {
          "runAfter": {
            "Get_a_row_by_ID": [
              "Succeeded"
            ]
          },
          "metadata": {
            "operationMetadataId": "6ef8cd98-7cc0-4dbd-9f36-0244ebbf2f05"
          },
          "type": "OpenApiConnection",
          "inputs": {
            "host": {
              "connectionName": "shared_approvals",
              "operationId": "CreateAnApproval",
              "apiId": "/providers/Microsoft.PowerApps/apis/shared_approvals"
            },
            "parameters": {
              "approvalType": "Basic",
              "ApprovalCreationInput/title": "[Manager] Phê duyệt yêu cầu xin nghỉ phếp - @{outputs('Get_a_row_by_ID')?['body/new_name']}",
              "ApprovalCreationInput/assignedTo": "@{outputs('ManagerEmail')};",
              "ApprovalCreationInput/details": "Yêu cầu xin nghỉ phép chờ phê duyệt thông tin như sau:\n- Xin nghỉ phép nội dung: @{outputs('Get_a_row_by_ID')?['body/new_detail']}\n- Từ ngày: @{formatDateTime(convertTimeZone(outputs('Get_a_row_by_ID')?['body/new_from'],'UTC','SE Asia Standard Time'), 'dddd, MMMM d, yyyy', 'vi-VN')} tới ngày @{formatDateTime(convertTimeZone(outputs('Get_a_row_by_ID')?['body/new_to'],'UTC','SE Asia Standard Time'), 'dddd, MMMM d, yyyy', 'vi-VN')}\n- Loại ngày nghỉ: @{triggerBody()['text_4']}",
              "ApprovalCreationInput/enableNotifications": true,
              "ApprovalCreationInput/enableReassignment": true
            },
            "authentication": "@parameters('$authentication')"
          }
        },
        "ManagerEmail": {
          "runAfter": {
            "HREmail": [
              "Succeeded"
            ]
          },
          "metadata": {
            "operationMetadataId": "0cd79df1-514d-4da9-821a-b5f6898de9e7"
          },
          "type": "Compose",
          "inputs": "@triggerBody()['text_2']"
        },
        "GetManagerUserID": {
          "runAfter": {
            "Manager_Approval": [
              "Succeeded"
            ]
          },
          "metadata": {
            "operationMetadataId": "721ae229-c26e-4649-b20b-13625f68a9ff"
          },
          "type": "OpenApiConnection",
          "inputs": {
            "host": {
              "connectionName": "shared_commondataserviceforapps_1",
              "operationId": "ListRecords",
              "apiId": "/providers/Microsoft.PowerApps/apis/shared_commondataserviceforapps"
            },
            "parameters": {
              "entityName": "systemusers",
              "$select": "systemuserid",
              "$filter": "internalemailaddress eq '@{triggerBody()['text_2']}'",
              "$top": 1
            },
            "authentication": "@parameters('$authentication')"
          }
        },
        "GetHRUserID": {
          "runAfter": {
            "GetManagerUserID": [
              "Succeeded"
            ]
          },
          "metadata": {
            "operationMetadataId": "44515313-9ee4-4574-93bd-36e56a583412"
          },
          "type": "OpenApiConnection",
          "inputs": {
            "host": {
              "connectionName": "shared_commondataserviceforapps_1",
              "operationId": "ListRecords",
              "apiId": "/providers/Microsoft.PowerApps/apis/shared_commondataserviceforapps"
            },
            "parameters": {
              "entityName": "systemusers",
              "$select": "systemuserid",
              "$filter": "internalemailaddress eq '@{triggerBody()['text_2']}'",
              "$top": 1
            },
            "authentication": "@parameters('$authentication')"
          }
        }
      }
    },
    "templateName": ""
  },
  "schemaVersion": "1.0.0.0"
}