{
  "properties": {
    "connectionReferences": {
      "shared_commondataserviceforapps": {
        "runtimeSource": "embedded",
        "connection": {
          "connectionReferenceLogicalName": "new_sharedcommondataserviceforapps_2fc3f"
        },
        "api": {
          "name": "shared_commondataserviceforapps"
        }
      }
    },
    "definition": {
      "$schema": "https://schema.management.azure.com/providers/Microsoft.Logic/schemas/2016-06-01/workflowdefinition.json#",
      "contentVersion": "1.0.0.0",
      "parameters": {
        "$connections": {
          "defaultValue": {},
          "type": "Object"
        },
        "$authentication": {
          "defaultValue": {},
          "type": "SecureObject"
        }
      },
      "triggers": {
        "manual": {
          "metadata": {
            "operationMetadataId": "79d10969-3686-4cac-9965-fd6beea43c91"
          },
          "type": "Request",
          "kind": "Button",
          "inputs": {
            "schema": {
              "type": "object",
              "properties": {
                "text": {
                  "title": "LeaveType",
                  "type": "string",
                  "x-ms-dynamically-added": true,
                  "description": "Please enter your input",
                  "x-ms-content-hint": "TEXT"
                },
                "text_1": {
                  "title": "RequestorEmail",
                  "type": "string",
                  "x-ms-dynamically-added": true,
                  "description": "Please enter your input",
                  "x-ms-content-hint": "TEXT"
                },
                "number": {
                  "title": "NumberofDate",
                  "type": "number",
                  "x-ms-dynamically-added": true,
                  "description": "Please enter a number",
                  "x-ms-content-hint": "NUMBER"
                }
              },
              "required": [
                "text",
                "text_1",
                "number"
              ]
            }
          }
        }
      },
      "actions": {
        "GetEmployeeBalanceInfo": {
          "runAfter": {},
          "metadata": {
            "operationMetadataId": "bb821cd5-c18f-45da-9ca4-c0371c5c5de5"
          },
          "type": "OpenApiConnection",
          "inputs": {
            "host": {
              "connectionName": "shared_commondataserviceforapps",
              "operationId": "ListRecords",
              "apiId": "/providers/Microsoft.PowerApps/apis/shared_commondataserviceforapps"
            },
            "parameters": {
              "entityName": "new_leavebalances",
              "$select": "new_leavebalanceid, new_usedannualleave,new_usedcompassionateleave,new_usedpaidleave,new_usedpaternityleave,new_usedsickleave,new_usedunpaidleave",
              "$filter": "new_employeeemail eq '@{triggerBody()['text_1']}'",
              "$top": 1
            },
            "authentication": {
              "type": "Raw",
              "value": "@json(decodeBase64(triggerOutputs().headers['X-MS-APIM-Tokens']))['$ConnectionKey']"
            }
          }
        },
        "Switch": {
          "runAfter": {
            "GetEmployeeBalanceInfo": [
              "Succeeded"
            ]
          },
          "cases": {
            "Case": {
              "case": "Annual Leave",
              "actions": {
                "Add_Annual_Leave": {
                  "runAfter": {},
                  "type": "OpenApiConnection",
                  "inputs": {
                    "host": {
                      "connectionName": "shared_commondataserviceforapps",
                      "operationId": "UpdateRecord",
                      "apiId": "/providers/Microsoft.PowerApps/apis/shared_commondataserviceforapps"
                    },
                    "parameters": {
                      "entityName": "new_leavebalances",
                      "recordId": "@first(body('GetEmployeeBalanceInfo')?['value'])?['new_leavebalanceid']",
                      "item/new_usedannualleave": "@Add(first(body('GetEmployeeBalanceInfo')?['value'])?['new_usedannualleave'], triggerBody()['number'])"
                    },
                    "authentication": {
                      "type": "Raw",
                      "value": "@json(decodeBase64(triggerOutputs().headers['X-MS-APIM-Tokens']))['$ConnectionKey']"
                    }
                  }
                }
              }
            },
            "Case_2": {
              "case": "Sick Leave",
              "actions": {
                "Add_Approved_Sick_leave": {
                  "runAfter": {},
                  "type": "OpenApiConnection",
                  "inputs": {
                    "host": {
                      "connectionName": "shared_commondataserviceforapps",
                      "operationId": "UpdateRecord",
                      "apiId": "/providers/Microsoft.PowerApps/apis/shared_commondataserviceforapps"
                    },
                    "parameters": {
                      "entityName": "new_leavebalances",
                      "recordId": "@first(body('GetEmployeeBalanceInfo')?['value'])?['new_leavebalanceid']",
                      "item/new_usedsickleave": "@Add(first(body('GetEmployeeBalanceInfo')?['value'])?['new_usedsickleave'], triggerBody()['number'])"
                    },
                    "authentication": {
                      "type": "Raw",
                      "value": "@json(decodeBase64(triggerOutputs().headers['X-MS-APIM-Tokens']))['$ConnectionKey']"
                    }
                  }
                }
              }
            },
            "Case_3": {
              "case": "Paid Leave",
              "actions": {
                "Update_a_row": {
                  "runAfter": {},
                  "type": "OpenApiConnection",
                  "inputs": {
                    "host": {
                      "connectionName": "shared_commondataserviceforapps",
                      "operationId": "UpdateRecord",
                      "apiId": "/providers/Microsoft.PowerApps/apis/shared_commondataserviceforapps"
                    },
                    "parameters": {
                      "entityName": "new_leavebalances",
                      "recordId": "@first(body('GetEmployeeBalanceInfo')?['value'])?['new_leavebalanceid']",
                      "item/new_usedpaidleave": "@Add(first(body('GetEmployeeBalanceInfo')?['value'])?['new_usedpaidleave'], triggerBody()['number'])"
                    },
                    "authentication": {
                      "type": "Raw",
                      "value": "@json(decodeBase64(triggerOutputs().headers['X-MS-APIM-Tokens']))['$ConnectionKey']"
                    }
                  }
                }
              }
            },
            "Case_4": {
              "case": "Compassionate Leave",
              "actions": {
                "Update_a_row_2": {
                  "runAfter": {},
                  "type": "OpenApiConnection",
                  "inputs": {
                    "host": {
                      "connectionName": "shared_commondataserviceforapps",
                      "operationId": "UpdateRecord",
                      "apiId": "/providers/Microsoft.PowerApps/apis/shared_commondataserviceforapps"
                    },
                    "parameters": {
                      "entityName": "new_leavebalances",
                      "recordId": "@first(body('GetEmployeeBalanceInfo')?['value'])?['new_leavebalanceid']",
                      "item/new_usedcompassionateleave": "@Add(first(body('GetEmployeeBalanceInfo')?['value'])?['new_usedcompassionateleave'], triggerBody()['number'])"
                    },
                    "authentication": {
                      "type": "Raw",
                      "value": "@json(decodeBase64(triggerOutputs().headers['X-MS-APIM-Tokens']))['$ConnectionKey']"
                    }
                  }
                }
              }
            },
            "Case_5": {
              "case": "Paternity Leave",
              "actions": {
                "Update_a_row_3": {
                  "runAfter": {},
                  "type": "OpenApiConnection",
                  "inputs": {
                    "host": {
                      "connectionName": "shared_commondataserviceforapps",
                      "operationId": "UpdateRecord",
                      "apiId": "/providers/Microsoft.PowerApps/apis/shared_commondataserviceforapps"
                    },
                    "parameters": {
                      "entityName": "new_leavebalances",
                      "recordId": "@first(body('GetEmployeeBalanceInfo')?['value'])?['new_leavebalanceid']",
                      "item/new_usedpaternityleave": "@Add(first(body('GetEmployeeBalanceInfo')?['value'])?['new_usedpaternityleave'], triggerBody()['number'])"
                    },
                    "authentication": {
                      "type": "Raw",
                      "value": "@json(decodeBase64(triggerOutputs().headers['X-MS-APIM-Tokens']))['$ConnectionKey']"
                    }
                  }
                }
              }
            }
          },
          "default": {
            "actions": {
              "Update_a_row_4": {
                "runAfter": {},
                "type": "OpenApiConnection",
                "inputs": {
                  "host": {
                    "connectionName": "shared_commondataserviceforapps",
                    "operationId": "UpdateRecord",
                    "apiId": "/providers/Microsoft.PowerApps/apis/shared_commondataserviceforapps"
                  },
                  "parameters": {
                    "entityName": "new_leavebalances",
                    "recordId": "@first(body('GetEmployeeBalanceInfo')?['value'])?['new_leavebalanceid']",
                    "item/new_usedunpaidleave": "@Add(first(body('GetEmployeeBalanceInfo')?['value'])?['new_usedunpaidleave'], triggerBody()['number'])"
                  },
                  "authentication": {
                    "type": "Raw",
                    "value": "@json(decodeBase64(triggerOutputs().headers['X-MS-APIM-Tokens']))['$ConnectionKey']"
                  }
                }
              }
            }
          },
          "expression": "@triggerBody()['text']",
          "metadata": {
            "operationMetadataId": "62cbc69c-5b66-4e58-8970-c8caacf53b2d"
          },
          "type": "Switch"
        },
        "Respond_to_a_PowerApp_or_flow": {
          "runAfter": {
            "Switch": [
              "Succeeded"
            ]
          },
          "metadata": {
            "operationMetadataId": "c999423c-5dec-4847-8683-6b9d377bcd27"
          },
          "type": "Response",
          "kind": "PowerApp",
          "inputs": {
            "statusCode": 200,
            "body": {
              "status": "Success update  @{triggerBody()['text']} of @{triggerBody()['text_1']}"
            },
            "schema": {
              "type": "object",
              "properties": {
                "status": {
                  "title": "Status",
                  "x-ms-dynamically-added": true,
                  "type": "string"
                }
              }
            }
          }
        }
      }
    },
    "templateName": ""
  },
  "schemaVersion": "1.0.0.0"
}