<ImportExportXml version="9.2.23031.178" SolutionPackageVersion="9.2" languagecode="1033" generatedBy="CrmLive" xmlns:xsi="http://www.w3.org/2001/XMLSchema-instance">
  <SolutionManifest>
    <UniqueName>LeaveRequestMSFT</UniqueName>
    <LocalizedNames>
      <LocalizedName description="LeaveRequestMSFT" languagecode="1033" />
    </LocalizedNames>
    <Descriptions />
    <Version>1.0.0.1</Version>
    <Managed>0</Managed>
    <Publisher>
      <UniqueName>DefaultPublisherorge125ef00</UniqueName>
      <LocalizedNames>
        <LocalizedName description="Default Publisher for orge125ef00" languagecode="1033" />
      </LocalizedNames>
      <Descriptions>
        <Description description="Default publisher for this organization" languagecode="1033" />
      </Descriptions>
      <EMailAddress xsi:nil="true"></EMailAddress>
      <SupportingWebsiteUrl xsi:nil="true"></SupportingWebsiteUrl>
      <CustomizationPrefix>new</CustomizationPrefix>
      <CustomizationOptionValuePrefix>10000</CustomizationOptionValuePrefix>
      <Addresses>
        <Address>
          <AddressNumber>1</AddressNumber>
          <AddressTypeCode xsi:nil="true"></AddressTypeCode>
          <City xsi:nil="true"></City>
          <County xsi:nil="true"></County>
          <Country xsi:nil="true"></Country>
          <Fax xsi:nil="true"></Fax>
          <FreightTermsCode xsi:nil="true"></FreightTermsCode>
          <ImportSequenceNumber xsi:nil="true"></ImportSequenceNumber>
          <Latitude xsi:nil="true"></Latitude>
          <Line1 xsi:nil="true"></Line1>
          <Line2 xsi:nil="true"></Line2>
          <Line3 xsi:nil="true"></Line3>
          <Longitude xsi:nil="true"></Longitude>
          <Name xsi:nil="true"></Name>
          <PostalCode xsi:nil="true"></PostalCode>
          <PostOfficeBox xsi:nil="true"></PostOfficeBox>
          <PrimaryContactName xsi:nil="true"></PrimaryContactName>
          <ShippingMethodCode xsi:nil="true"></ShippingMethodCode>
          <StateOrProvince xsi:nil="true"></StateOrProvince>
          <Telephone1 xsi:nil="true"></Telephone1>
          <Telephone2 xsi:nil="true"></Telephone2>
          <Telephone3 xsi:nil="true"></Telephone3>
          <TimeZoneRuleVersionNumber xsi:nil="true"></TimeZoneRuleVersionNumber>
          <UPSZone xsi:nil="true"></UPSZone>
          <UTCOffset xsi:nil="true"></UTCOffset>
          <UTCConversionTimeZoneCode xsi:nil="true"></UTCConversionTimeZoneCode>
        </Address>
        <Address>
          <AddressNumber>2</AddressNumber>
          <AddressTypeCode xsi:nil="true"></AddressTypeCode>
          <City xsi:nil="true"></City>
          <County xsi:nil="true"></County>
          <Country xsi:nil="true"></Country>
          <Fax xsi:nil="true"></Fax>
          <FreightTermsCode xsi:nil="true"></FreightTermsCode>
          <ImportSequenceNumber xsi:nil="true"></ImportSequenceNumber>
          <Latitude xsi:nil="true"></Latitude>
          <Line1 xsi:nil="true"></Line1>
          <Line2 xsi:nil="true"></Line2>
          <Line3 xsi:nil="true"></Line3>
          <Longitude xsi:nil="true"></Longitude>
          <Name xsi:nil="true"></Name>
          <PostalCode xsi:nil="true"></PostalCode>
          <PostOfficeBox xsi:nil="true"></PostOfficeBox>
          <PrimaryContactName xsi:nil="true"></PrimaryContactName>
          <ShippingMethodCode xsi:nil="true"></ShippingMethodCode>
          <StateOrProvince xsi:nil="true"></StateOrProvince>
          <Telephone1 xsi:nil="true"></Telephone1>
          <Telephone2 xsi:nil="true"></Telephone2>
          <Telephone3 xsi:nil="true"></Telephone3>
          <TimeZoneRuleVersionNumber xsi:nil="true"></TimeZoneRuleVersionNumber>
          <UPSZone xsi:nil="true"></UPSZone>
          <UTCOffset xsi:nil="true"></UTCOffset>
          <UTCConversionTimeZoneCode xsi:nil="true"></UTCConversionTimeZoneCode>
        </Address>
      </Addresses>
    </Publisher>
    <RootComponents>
      <RootComponent type="1" schemaName="aaduser" behavior="1" />
      <RootComponent type="1" schemaName="new_companyholiday" behavior="0" />
      <RootComponent type="1" schemaName="new_hremployee" behavior="0" />
      <RootComponent type="1" schemaName="new_leavebalance" behavior="0" />
      <RootComponent type="1" schemaName="new_leaverequest" behavior="0" />
      <RootComponent type="1" schemaName="systemuser" behavior="1" />
      <RootComponent type="9" schemaName="new_leavestatus" behavior="0" />
      <RootComponent type="9" schemaName="new_leavetype" behavior="0" />
      <RootComponent type="29" id="{9d20cf55-7dd8-ed11-a7c6-0022482724a8}" behavior="0" />
      <RootComponent type="29" id="{f4989151-7ed7-ed11-a7c7-002248272172}" behavior="0" />
      <RootComponent type="300" schemaName="new_leaverequestapp_a6ef0" behavior="0" />
    </RootComponents>
    <MissingDependencies>
      <MissingDependency>
        <Required type="1" schemaName="aaduser" displayName="AAD User" solution="MetadataExtension (1.0.2.32)" />
        <Dependent type="1" schemaName="aaduser" displayName="AAD User" />
      </MissingDependency>
      <MissingDependency>
        <Required type="1" schemaName="aaduser" displayName="AAD User" solution="MetadataExtension (1.0.2.32)" />
        <Dependent type="10" schemaName="crd63_new_leaverequest_ManagerAAD_aaduser" displayName="crd63_new_leaverequest_ManagerAAD_aaduser" parentSchemaName="aaduser" parentDisplayName="AAD User" />
      </MissingDependency>
      <MissingDependency>
        <Required type="1" schemaName="aaduser" displayName="AAD User" solution="MetadataExtension (1.0.2.32)" />
        <Dependent type="10" schemaName="new_new_leavebalance_EmployeeName_aaduser" displayName="new_new_leavebalance_EmployeeName_aaduser" parentSchemaName="aaduser" parentDisplayName="AAD User" />
      </MissingDependency>
      <MissingDependency>
        <Required type="1" schemaName="aaduser" displayName="AAD User" solution="MetadataExtension (1.0.2.32)" />
        <Dependent type="300" schemaName="new_leaverequestapp_a6ef0" displayName="Leave Request App" />
      </MissingDependency>
      <MissingDependency>
        <Required type="2" schemaName="aaduserid" displayName="AAD user id" parentSchemaName="aaduser" parentDisplayName="AAD User" solution="MetadataExtension (1.0.2.32)" />
        <Dependent type="10" schemaName="crd63_new_leaverequest_ManagerAAD_aaduser" displayName="crd63_new_leaverequest_ManagerAAD_aaduser" parentSchemaName="aaduser" parentDisplayName="AAD User" />
      </MissingDependency>
      <MissingDependency>
        <Required type="2" schemaName="aaduserid" displayName="AAD user id" parentSchemaName="aaduser" parentDisplayName="AAD User" solution="MetadataExtension (1.0.2.32)" />
        <Dependent type="10" schemaName="new_new_leavebalance_EmployeeName_aaduser" displayName="new_new_leavebalance_EmployeeName_aaduser" parentSchemaName="aaduser" parentDisplayName="AAD User" />
      </MissingDependency>
      <MissingDependency>
        <Required type="2" schemaName="displayname" displayName="Display Name" parentSchemaName="aaduser" parentDisplayName="AAD User" solution="MetadataExtension (1.0.2.32)" />
        <Dependent type="10" schemaName="crd63_new_leaverequest_ManagerAAD_aaduser" displayName="crd63_new_leaverequest_ManagerAAD_aaduser" parentSchemaName="aaduser" parentDisplayName="AAD User" />
      </MissingDependency>
      <MissingDependency>
        <Required type="2" schemaName="displayname" displayName="Display Name" parentSchemaName="aaduser" parentDisplayName="AAD User" solution="MetadataExtension (1.0.2.32)" />
        <Dependent type="10" schemaName="new_new_leavebalance_EmployeeName_aaduser" displayName="new_new_leavebalance_EmployeeName_aaduser" parentSchemaName="aaduser" parentDisplayName="AAD User" />
      </MissingDependency>
    </MissingDependencies>
  </SolutionManifest>
</ImportExportXml>